<?xml version="1.0" encoding="utf-8"?>
<manifest xmlns="http://www.imsglobal.org/xsd/imscp_v1p1" xmlns:adlcp="http://www.adlnet.org/xsd/adlcp_v1p3" xmlns:lom="http://ltsc.ieee.org/xsd/LOM" identifier="com.github.io.vlmantova.bookml.SCORM" xml:lang="es"><metadata><schema>ADL SCORM</schema><schemaversion>2004 3rd Edition</schemaversion><lom:lom><lom:general><lom:title><lom:string>Matemática Discreta </lom:string></lom:title></lom:general><lom:lifeCycle><lom:contribute><lom:role><lom:value>author</lom:value></lom:role><lom:entity><![CDATA[BEGIN:VCARD VERSION:2.1
FN:Diego RodriguezUniversidad Rey Juan CarlosMatemáticas + Ingeniería InformáticaCurso 2023-2024
END:VCARD]]></lom:entity></lom:contribute></lom:lifeCycle></lom:lom></metadata><organizations><organization identifier="org1"><title>Matemática Discreta </title><item identifier="item1" identifierref="resource1"><title>Matemática Discreta </title></item></organization></organizations><resources><resource identifier="resource1" type="webcontent" adlcp:scormType="asset" href="index.html"><file href="index.html"/><file href="bmlimages/main-1.svg"/><file href="bmlimages/main-2.svg"/><file href="bmlimages/main-3.svg"/><file href="bmlimages/main-4.svg"/><file href="bmlimages/main-5.svg"/><file href="bmlimages/main-6.svg"/><file href="bmluser/colors.gitbook-main.css"/><file href="bookml/CSS/style.css"/><file href="bookml/CSS/style.gitbook.css"/><file href="bookml/CSS/style.gitbook,plain.css"/><file href="bookml/gitbook/css/fontawesome/fontawesome-webfont.ttf"/><file href="bookml/gitbook/css/plugin-bookdown.css"/><file href="bookml/gitbook/css/plugin-fontsettings.css"/><file href="bookml/gitbook/css/plugin-search.css"/><file href="bookml/gitbook/css/plugin-table.css"/><file href="bookml/gitbook/css/style.css"/><file href="bookml/gitbook/js/app.min.js"/><file href="bookml/gitbook/js/jquery.highlight.js"/><file href="bookml/gitbook/js/plugin-bookdown.js"/><file href="bookml/gitbook/js/plugin-fontsettings.js"/><file href="bookml/gitbook/js/plugin-search.js"/><file href="LaTeXML.css"/><file href="ltx-article.css"/><file href="main.pdf"/><file href="Pt1.html"/><file href="Pt2.html"/><file href="Pt3.html"/><file href="Pt4.html"/><file href="S10.html"/><file href="S11.html"/><file href="S12.html"/><file href="S13.html"/><file href="S14.html"/><file href="S15.html"/><file href="S16.html"/><file href="S1.html"/><file href="S2.html"/><file href="S3.html"/><file href="S4.html"/><file href="S5.html"/><file href="S6.html"/><file href="S7.html"/><file href="S8.html"/><file href="S9.html"/><file href="search_index.json"/></resource></resources></manifest>
